{"train_time": 0.5393781661987305, "predict_time": 0.06114006042480469}