{"train_time": 0.4589869976043701, "predict_time": 0.07529115676879883}