{"train_time": 0.4921150207519531, "predict_time": 0.05765199661254883}