{"train_time": 0.47211527824401855, "predict_time": 0.055612802505493164}